Age,Sex,PainDuration_days,RadiographicLesion,PulpVitalityTest_Positive,PainType,Diagnosis
48,Male,20.9,0,0,Sharp,Non-Endodontic
42,Male,20.2,0,0,Throbbing,Endodontic
50,Male,23.0,1,1,Sharp,Endodontic
59,Male,18.4,1,1,Throbbing,Non-Endodontic
41,Male,30.5,0,0,Dull,Endodontic
41,Male,13.3,1,0,Sharp,Non-Endodontic
59,Male,15.4,1,1,Dull,Endodontic
51,Male,16.8,0,0,Throbbing,Non-Endodontic
39,Female,11.3,1,0,Dull,Non-Endodontic
49,Male,21.2,0,1,Dull,Non-Endodontic
39,Female,20.6,1,1,Throbbing,Non-Endodontic
39,Female,17.1,1,1,Dull,Endodontic
46,Female,14.9,1,0,Dull,Non-Endodontic
24,Male,11.0,0,1,Throbbing,Non-Endodontic
26,Male,13.8,1,0,Dull,Non-Endodontic
38,Male,20.0,0,0,Throbbing,Endodontic
33,Male,16.2,0,1,Dull,Non-Endodontic
47,Female,15.3,0,1,Throbbing,Endodontic
34,Male,19.0,1,1,Throbbing,Non-Endodontic
29,Male,21.6,1,1,Dull,Endodontic
58,Male,18.0,0,1,Dull,Endodontic
41,Male,18.3,1,0,Dull,Non-Endodontic
44,Male,22.5,0,0,Sharp,Endodontic
29,Female,17.7,1,0,Sharp,Non-Endodontic
38,Male,15.8,0,0,Sharp,Non-Endodontic
45,Female,19.7,1,1,Throbbing,Non-Endodontic
32,Male,16.0,0,0,Dull,Endodontic
47,Female,15.5,1,1,Throbbing,Endodontic
37,Male,22.1,0,1,Sharp,Non-Endodontic
41,Male,15.8,0,1,Dull,Non-Endodontic
37,Female,6.4,0,1,Throbbing,Endodontic
62,Female,18.4,1,1,Dull,Non-Endodontic
43,Female,15.4,1,0,Throbbing,Non-Endodontic
33,Male,15.8,0,0,Dull,Non-Endodontic
52,Female,18.8,1,1,Sharp,Endodontic
31,Male,16.3,1,0,Sharp,Endodontic
46,Male,17.9,1,0,Dull,Endodontic
24,Female,8.9,1,1,Throbbing,Non-Endodontic
30,Female,13.2,0,0,Sharp,Non-Endodontic
45,Male,22.6,0,1,Sharp,Non-Endodontic
51,Male,16.9,1,1,Sharp,Endodontic
45,Female,10.3,1,1,Dull,Non-Endodontic
42,Female,12.7,1,0,Dull,Non-Endodontic
40,Female,13.0,0,0,Throbbing,Non-Endodontic
29,Male,17.4,0,1,Throbbing,Non-Endodontic
36,Male,15.3,1,0,Throbbing,Endodontic
39,Male,14.4,1,1,Dull,Endodontic
54,Male,17.0,1,1,Dull,Non-Endodontic
47,Male,18.9,1,1,Throbbing,Endodontic
26,Male,16.0,1,0,Throbbing,Endodontic
